{
    "partitions": [
        {
            "filesystem_type": "FAT",
            "label": "boot",
            "partition_size_nominal": 66,
            "uncompressed_tarball_size": 22,
            "want_maximised": false
        },
        {
            "filesystem_type": "ext4",
            "label": "root",
            "mkfs_options": "-O ^huge_file",
            "partition_size_nominal": 3899,
            "uncompressed_tarball_size": 3499,
            "want_maximised": true
        }
    ]
}
