{
  "flavours": [
    {
      "name": "RaspbianPiKitchen",
      "description": "Freshly baked Raspbian from the Pi-Kitchen"
    },
    {
      "name": "RaspbianPiKitchenDev",
      "description": "A Pi-Kitchen creation under development"
    },
    {
      "name": "Raspbian - Boot to Scratch",
      "description": "A version of Raspbian that boots straight into Scratch"
    },
    {
      "name": "Raspbian",
      "description": "A Debian wheezy port, optimised for the Raspberry Pi"
    }  
  ]
}
