{
    "partitions": [
        {
            "filesystem_type": "FAT",
            "label": "boot",
            "partition_size_nominal": 63,
            "uncompressed_tarball_size": 21,
            "want_maximised": false
        },
        {
            "filesystem_type": "ext4",
            "label": "root",
            "mkfs_options": "-O ^huge_file",
            "partition_size_nominal": 3588,
            "uncompressed_tarball_size": 3188,
            "want_maximised": true
        }
    ]
}
