{
  "partitions": [
    {
      "label": "boot",
      "filesystem_type": "FAT",
      "partition_size_nominal": 63,
      "want_maximised": false,
      "uncompressed_tarball_size": 21
    },
    {
      "label": "root",
      "filesystem_type": "ext4",
      "partition_size_nominal": 3482,
      "want_maximised": true,
      "mkfs_options": "-O ^huge_file",
      "uncompressed_tarball_size": 3082
    },
    {
      "label": "data",
      "filesystem_type": "ext4",
      "partition_size_nominal": 512,
      "want_maximised": false,
      "mkfs_options": "",
      "uncompressed_tarball_size": 1
    }
  ]
}
