{
  "partitions": [
    {
      "label": "boot",
      "filesystem_type": "FAT",
      "partition_size_nominal": 60,
      "want_maximised": false,
      "uncompressed_tarball_size": 11,
      "mkfs_options": "-F 32"
    },
    {
      "label": "root",
      "filesystem_type": "ext4",
      "partition_size_nominal": 2700,
      "want_maximised": true,
      "mkfs_options": "-O ^huge_file",
      "uncompressed_tarball_size": 2203
    },
    {
      "label": "data",
      "filesystem_type": "ext4",
      "partition_size_nominal": 512,
      "want_maximised": false,
      "mkfs_options": "",
      "uncompressed_tarball_size": 1
    }
  ]
}
